ecotype id	nativename	170_Anthocyanin 10	171_Anthocyanin 16	172_Anthocyanin 22	77_LES	78_YEL 	79_LY 	167_Chlorosis 10	168_Chlorosis 16	169_Chlorosis 22	176_Leaf roll 10	177_Leaf roll 16	178_Leaf roll 22	8_Seed Dormancy	277_Secondary Dormancy	281_Storage 7 days	282_Storage 28 days	283_Storage 56 days	179_Rosette Erect 22	1_LD	2_LDV	3_SD	4_SDV	5_FT10	6_FT16	7_FT22	43_FLC	44_FRI	33_<i>avrRpm1</i>	34_<i>avrRpt2</i>	35_<i>avrB</i>	161_Germ 10	162_Germ 16	163_Germ 22	278_Germ in dark	279_DSDS50	273_Vern Growth	274_After Vern Growth	60_FT Duration GH	61_LC Duration GH	62_LFS GH	63_MT GH	64_RP GH	158_Silique 16	159_Silique 22	
5837	Bor-1	0.0	1.0	0.0	0.0	0.0	0.0	0.0	1.0	1.0	1.0	1.0	0.0	34.0	1.47791	2.75	15.0	81.3899	0.0	41.875	25.0	75.6667	42.3333	57.0	50.0	43.0	0.813	2.4135	1.0	1.0	1.0	7.0	4.0	2.0	4.16667	41.2545	0.00198257	0.0599347	22.505	72.08	57.1281	14.6875	37.0721	1.4	0.9	
6008	Duk	0.0	0.0	0.0	NA	NA	NA	0.0	1.0	1.0	1.0	0.0	0.0	NA	NA	NA	NA	NA	0.0	26.0	24.6667	69.6667	58.0	60.0	41.0	24.0	0.018	0.243	NA	NA	NA	5.0	3.0	2.0	NA	NA	NA	NA	16.4742	58.0526	41.0804	16.5362	33.3679	NA	NA	
6009	Eden-1	0.0	0.0	1.0	1.0	0.0	1.0	1.0	1.0	1.0	0.0	0.0	0.0	2.0	0.499325	70.1875	98.4375	100.0	1.0	200.0	47.0	NA	74.6667	98.0	151.0	250.0	0.939	1.3987	1.0	1.0	1.0	5.0	4.0	4.0	65.0948	5.24274	0.00239152	0.0877888	NA	NA	NA	NA	NA	1.4	0.9	
6016	Eds-1	0.0	1.0	1.0	NA	NA	NA	1.0	1.0	1.0	0.0	0.0	0.0	NA	NA	NA	NA	NA	1.0	83.0417	35.0	200.0	55.0	75.0	101.0	113.0	2.084	1.89	NA	NA	NA	7.0	3.0	2.0	NA	NA	NA	NA	NA	NA	NA	NA	NA	NA	NA	
6040	Kni-1	0.0	0.0	0.0	NA	NA	NA	0.0	0.0	1.0	0.0	0.0	0.0	NA	NA	NA	NA	NA	1.0	200.0	43.2	200.0	78.0	71.0	92.0	87.0	2.321	1.901	NA	NA	NA	7.0	3.0	2.0	NA	NA	NA	NA	32.6043	111.196	97.3101	13.1144	45.7053	NA	NA	
6042	Lom1-1	0.0	1.0	0.0	NA	NA	NA	1.0	1.0	1.0	0.0	0.0	0.0	NA	NA	NA	NA	NA	0.0	29.1667	28.0	83.3403	53.6667	56.0	35.0	29.0	0.052	0.425	NA	NA	NA	5.0	3.0	2.0	NA	NA	NA	NA	21.1135	62.6891	45.6661	16.9943	38.2066	NA	NA	
6043	Löv-1	1.0	1.0	1.0	1.0	0.0	1.0	0.0	1.0	0.0	0.0	0.0	0.0	0.0	1.09419	56.75	98.4127	100.0	1.0	200.0	52.8333	200.0	99.0	90.0	174.0	250.0	1.49	1.7791	NA	1.0	NA	5.0	3.0	2.0	42.1667	7.94253	0.00524101	0.103636	NA	NA	NA	NA	NA	1.5	0.9	
6046	Löv-5	0.0	1.0	1.0	1.0	0.0	1.0	0.0	1.0	0.0	0.0	0.0	0.0	0.0	0.516917	35.0	100.0	100.0	0.5	200.0	51.25	200.0	117.2	93.0	150.0	250.0	3.324	4.3861	NA	1.0	1.0	5.0	4.0	2.0	77.5	12.4755	0.0113693	0.170716	NA	NA	NA	NA	NA	1.5	0.9	
6064	Nyl-2	0.0	1.0	1.0	NA	NA	NA	1.0	1.0	1.0	0.0	0.0	0.0	NA	NA	NA	NA	NA	1.0	200.0	42.0	200.0	NA	96.0	201.0	250.0	1.234	0.838	NA	NA	NA	7.0	3.0	2.0	NA	NA	NA	NA	NA	NA	127.604	NA	NA	NA	NA	
6074	Ör-1	0.0	0.0	1.0	NA	NA	NA	0.0	0.0	0.0	0.0	0.0	0.0	NA	NA	NA	NA	NA	1.0	200.0	43.6	200.0	135.333	91.0	97.0	123.0	1.628	1.112	NA	NA	NA	7.0	3.0	2.0	NA	NA	NA	NA	12.3641	115.924	116.162	-0.492884	11.8976	NA	NA	
6243	Tottarp-2	0.0	0.0	0.0	NA	NA	NA	0.0	0.0	1.0	0.0	0.0	0.0	NA	NA	NA	NA	NA	0.0	35.8403	24.75	98.2014	50.0	56.0	41.0	29.0	0.248	1.358	NA	NA	NA	7.0	3.0	2.0	NA	NA	NA	NA	27.1637	73.2639	55.5621	18.3128	45.1504	NA	NA	
6709	Bg-2	0.0	1.0	1.0	NA	NA	NA	0.0	0.0	0.0	0.0	0.0	0.0	NA	NA	NA	NA	NA	0.0	33.6736	26.5	96.7014	61.0	52.0	43.0	39.0	0.548	1.069	NA	NA	NA	7.0	3.0	2.0	NA	NA	NA	NA	19.5004	66.4341	44.8206	21.7177	41.2736	NA	NA	
6897	Ag-0	0.0	1.0	0.0	0.0	0.0	0.0	0.0	1.0	1.0	1.0	0.0	0.0	65.0	NA	0.0	0.25	0.0	1.0	45.2083	25.5	200.0	72.5	62.0	58.0	68.0	2.867	1.0283	NA	NA	NA	5.0	4.0	3.0	NA	192.072	0.00282226	0.0712424	34.1135	97.2416	84.3481	12.6199	47.049	1.4	1.2	
6898	An-1	0.0	0.0	0.0	1.0	0.0	1.0	0.0	0.0	0.0	1.0	0.0	0.0	1.0	0.991412	87.675	95.75	100.0	0.0	26.3403	20.4	67.8333	48.1667	41.0	26.0	25.0	0.111	1.3907	1.0	1.0	1.0	5.0	3.0	2.0	18.7262	7.13983	0.00170727	0.0730645	22.0552	65.0562	42.8175	22.147	44.2211	1.5	0.9	
6899	Bay-0	0.0	0.0	0.0	0.0	0.0	0.0	0.0	1.0	1.0	1.0	1.0	0.0	0.0	0.664479	76.5994	81.75	100.0	1.0	27.5	23.1667	88.5208	79.3333	54.0	34.0	25.0	0.196	0.3372	1.0	1.0	1.0	7.0	4.0	2.0	0.0	4.58595	0.0134636	0.249604	21.0746	64.646	47.7685	16.7447	38.0255	1.8	1.1	
6900	Bil-5	0.0	0.0	0.0	1.0	0.0	1.0	0.0	1.0	1.0	0.0	0.0	0.0	1.0	NA	NA	NA	NA	1.0	200.0	33.5	200.0	107.5	90.0	171.0	250.0	1.113	2.7299	0.0	1.0	0.0	5.0	3.0	2.0	NA	NA	NA	NA	NA	NA	NA	NA	NA	1.4	0.9	
6901	Bil-7	0.0	0.0	0.0	1.0	0.0	1.0	0.0	0.0	0.0	0.0	0.0	0.0	0.0	1.24959	69.0335	98.75	100.0	1.0	200.0	30.2	200.0	61.5	86.0	169.0	250.0	1.473	3.1047	0.0	1.0	0.0	5.0	3.0	3.0	37.0913	6.41757	0.000899734	0.0568184	NA	NA	NA	NA	NA	1.4	0.9	
6903	Bor-4	0.0	1.0	0.0	0.0	0.0	0.0	0.0	1.0	1.0	0.0	1.0	0.0	28.0	1.97516	5.31	32.6437	74.75	1.0	38.5278	23.8333	88.5139	56.8333	57.0	52.0	38.0	0.369	1.5878	1.0	0.0	1.0	7.0	4.0	2.0	8.58e-15	40.4731	0.00449879	0.124493	19.2801	68.0131	54.7303	13.3966	32.607	1.6	1.0	
6904	Br-0	0.0	1.0	0.0	0.0	0.0	0.0	1.0	0.0	1.0	1.0	0.0	1.0	73.0	NA	1.64e-17	0.75	7.19e-15	1.0	92.5347	23.3333	110.042	36.8333	66.0	77.0	66.0	6.27	2.0591	1.0	1.0	1.0	7.0	4.0	3.0	NA	160.662	0.00879185	0.206641	23.0071	91.7904	73.9376	17.7755	40.7945	1.5	1.2	
6905	Bur-0	0.0	0.0	1.0	0.0	0.0	0.0	0.0	0.0	0.0	0.0	0.0	0.0	0.0	0.879132	99.5	100.0	100.0	1.0	32.0	35.1667	101.042	76.3333	65.0	50.0	44.0	0.445	1.1803	1.0	1.0	1.0	5.0	3.0	2.0	65.7616	3.51786	0.0022428	0.0988164	21.3578	73.4815	54.1202	18.7587	40.4585	1.6	1.2	
6906	C24	0.0	0.0	1.0	0.0	0.0	0.0	0.0	1.0	1.0	0.0	0.0	0.0	119.0	0.0329185	0.8775	23.329	87.8445	1.0	28.6667	18.6667	61.8333	27.0	43.0	38.0	46.0	1.264	1.3541	0.0	1.0	0.0	5.0	3.0	3.0	79.6342	37.63	0.00188348	0.0611728	15.7219	64.1611	46.1034	18.6897	33.8987	1.6	1.1	
6907	CIBC-17	0.0	0.0	0.0	0.0	0.0	0.0	0.0	1.0	1.0	1.0	0.0	0.0	55.0	0.0148809	0.0	0.0	38.5159	1.0	46.8681	30.1667	102.542	53.6667	58.0	57.0	53.0	0.857	1.4871	0.0	1.0	0.0	5.0	3.0	2.0	94.5517	61.1331	0.00394	0.0858092	25.9337	75.5732	61.7463	14.4277	39.7945	1.4	1.1	
6908	CIBC-5	0.0	1.0	0.0	0.0	0.0	0.0	0.0	1.0	1.0	1.0	0.0	0.0	52.0	-0.10582	0.0	1.5	44.5	1.0	35.5069	23.0	95.6333	62.25	49.0	49.0	42.0	1.293	1.3286	1.0	0.0	1.0	5.0	4.0	2.0	96.1538	60.0371	0.00834691	0.159834	19.3303	71.5878	56.7456	15.6732	34.4366	1.3	0.7	
6909	Col-0	0.0	1.0	0.0	0.0	0.0	0.0	0.0	1.0	1.0	1.0	1.0	0.0	0.0	0.162068	6.82	89.0	100.0	0.0	27.3333	23.0	93.825	56.8333	51.0	32.0	32.0	0.127	1.2302	1.0	1.0	1.0	5.0	3.0	2.0	5.75595	18.6839	0.00405641	0.0931168	19.7413	62.6517	45.2227	17.2997	37.0544	1.6	1.2	
6910	Ct-1	1.0	1.0	0.0	1.0	0.0	1.0	1.0	1.0	1.0	1.0	1.0	0.0	41.0	NA	0.56	10.25	23.8972	0.0	26.8333	21.6667	69.1667	34.5	49.0	37.0	26.0	0.035	0.3132	1.0	1.0	1.0	5.0	3.0	2.0	NA	115.145	0.00344973	0.0865612	18.8578	62.6798	45.5713	17.1191	36.078	1.7	1.4	
6911	Cvi-0	1.0	0.0	0.0	0.0	0.0	0.0	0.0	0.0	0.0	0.0	0.0	0.0	NA	0.532677	0.0	0.0	0.5	1.0	31.6667	22.0	62.0	26.3333	46.0	53.0	39.0	2.179	2.2244	0.0	1.0	0.0	5.0	3.0	3.0	84.4316	94.0411	0.0036819	0.0894457	20.3687	63.9585	46.7079	17.5535	37.9699	2.2	1.9	
6913	Eden-2	0.0	0.0	1.0	1.0	0.0	1.0	0.0	0.0	0.0	0.0	0.0	0.0	NA	1.69118	90.25	100.0	100.0	1.0	200.0	40.5	200.0	NA	99.0	252.0	250.0	1.846	2.115	1.0	1.0	NA	5.0	3.0	2.0	2.5431	4.05943	0.00156395	0.0626933	NA	NA	NA	NA	NA	1.4	0.9	
6914	Edi-0	0.0	0.0	1.0	0.0	1.0	1.0	0.0	0.0	1.0	0.0	1.0	0.0	76.0	0.0	0.0	19.0	73.9986	1.0	140.354	35.5	108.708	53.5	73.0	85.0	99.0	1.811	0.8065	1.0	1.0	1.0	7.0	3.0	2.0	100.0	43.6321	0.00508417	0.105011	NA	NA	NA	NA	NA	1.4	0.9	
6915	Ei-2	1.0	0.0	0.0	0.0	0.0	0.0	0.0	1.0	1.0	0.0	0.0	1.0	13.0	0.683034	7.25	44.25	98.913	1.0	41.2014	30.1667	101.031	55.6667	53.0	48.0	46.0	0.463	1.2478	1.0	0.0	1.0	5.0	3.0	2.0	58.0065	31.2414	0.00269385	0.0908374	22.3189	75.8766	59.5483	15.6479	38.3679	1.4	1.0	
6916	Est-1	0.0	0.0	0.0	1.0	0.0	1.0	0.0	1.0	1.0	0.0	0.0	0.0	9.0	2.28111	0.0	30.9537	78.6583	0.0	25.5	27.1667	89.6875	68.3333	63.0	35.0	26.0	0.073	1.3893	1.0	1.0	1.0	7.0	4.0	3.0	0.0	36.94	0.00143809	0.065165	24.5358	66.9909	49.2125	17.6552	41.5071	1.8	1.3	
6917	Fäb-2	0.0	0.0	1.0	1.0	0.0	1.0	0.0	0.0	1.0	1.0	0.0	0.0	NA	2.38095	100.0	100.0	100.0	0.0	200.0	52.0	200.0	171.5	121.0	222.0	230.0	1.287	1.8538	1.0	1.0	1.0	7.0	4.0	4.0	0.0	3.5	0.00686527	0.0929609	NA	NA	NA	NA	NA	1.4	0.9	
6918	Fäb-4	0.0	1.0	1.0	1.0	0.0	1.0	0.0	1.0	1.0	1.0	0.0	0.0	NA	2.38095	95.25	100.0	100.0	0.0	200.0	53.0	200.0	200.0	108.0	135.0	250.0	0.951	1.8848	0.0	1.0	0.0	5.0	3.0	3.0	-5.07e-15	3.70525	0.00308827	0.0643379	NA	NA	NA	NA	NA	1.5	0.9	
6919	Ga-0	0.0	0.0	1.0	0.0	0.0	0.0	0.0	0.0	1.0	0.0	0.0	0.0	47.0	1.02e-16	1.68e-16	1.26e-14	-2.63e-14	0.0	34.6667	24.3333	101.542	49.5	71.0	46.0	47.0	0.7	0.396	0.0	1.0	0.0	7.0	4.0	2.0	74.7469	NA	0.00224457	0.0724796	21.2413	66.5972	51.4199	16.0205	36.7935	1.9	1.4	
6920	Got-22	0.0	0.0	0.0	0.0	0.0	0.0	0.0	0.0	0.0	0.0	1.0	1.0	57.0	0.035014	0.25	0.5	60.7948	1.0	157.681	44.6667	200.0	66.1667	71.0	98.0	75.0	0.802	0.9328	1.0	1.0	1.0	5.0	3.0	2.0	64.561	52.3452	0.0125543	0.158697	38.7135	125.834	109.776	17.2558	55.8976	1.5	1.0	
6921	Got-7	0.0	0.0	0.0	0.0	0.0	0.0	0.0	0.0	1.0	0.0	0.0	1.0	61.0	0.148809	0.0	0.0	65.8889	1.0	162.514	41.6667	200.0	71.0	64.0	98.0	93.0	0.835	0.9747	1.0	1.0	1.0	5.0	3.0	2.0	79.6053	76.5499	0.00240145	0.0657992	11.9388	129.321	128.717	5.87399	20.7562	1.5	1.0	
6922	Gu-0	1.0	1.0	0.0	1.0	0.0	1.0	0.0	0.0	0.0	0.0	0.0	0.0	26.0	0.01294	1.17	2.75	64.0081	0.0	27.5	25.0	70.1667	45.0	48.0	31.0	32.0	0.125	1.0577	1.0	1.0	1.0	5.0	3.0	2.0	96.9697	54.5074	0.00488398	0.0953724	20.175	68.5261	46.1646	22.5222	42.5834	1.6	1.1	
6923	HR-10	0.0	1.0	1.0	0.0	0.0	0.0	0.0	1.0	0.0	1.0	0.0	0.0	43.0	NA	0.0	0.0	0.75	1.0	25.1667	23.0	106.375	59.8	44.0	42.0	31.0	0.289	0.9374	1.0	1.0	1.0	5.0	3.0	3.0	NA	249.489	0.00916443	0.187755	17.9923	59.8314	42.6722	16.8704	34.7265	1.3	0.9	
6924	HR-5	1.0	1.0	1.0	0.0	0.0	0.0	1.0	0.0	0.0	1.0	0.0	0.0	58.0	NA	1.69e-17	0.5	2.51225	0.0	28.8333	24.3333	84.1806	48.3333	49.0	40.0	47.0	0.071	1.0266	1.0	0.0	1.0	5.0	3.0	3.0	NA	90.4933	0.000508483	0.0227967	19.6054	63.0842	48.975	13.9254	33.6305	1.2	0.9	
6926	Kin-0	0.0	1.0	1.0	0.0	0.0	0.0	0.0	0.0	0.0	1.0	0.0	0.0	51.0	0.21536	0.0	0.25	1.67045	1.0	31.6667	22.6667	84.6736	35.8333	49.0	45.0	41.0	0.383	0.6407	0.0	0.0	0.0	5.0	3.0	2.0	63.0065	75.9288	0.00885841	0.159702	22.1248	62.0749	52.3083	9.46724	31.7827	1.5	1.0	
6927	Kno-10	0.0	0.0	1.0	0.0	0.0	0.0	0.0	1.0	0.0	1.0	1.0	0.0	33.0	0.0297619	0.0	30.5	93.0161	1.0	57.4417	30.5	200.0	72.8333	51.0	61.0	72.0	0.382	1.8628	0.0	1.0	0.0	5.0	3.0	2.0	96.0	35.6898	0.00367285	0.104024	32.6717	105.131	99.1584	6.70116	39.0218	1.5	1.2	
6928	Kno-18	0.0	0.0	0.0	0.0	0.0	0.0	0.0	0.0	0.0	1.0	1.0	0.0	15.0	0.435677	0.0	43.0	72.3729	1.0	38.5208	30.1667	117.292	71.0	55.0	57.0	51.0	0.068	1.0219	0.0	0.0	0.0	7.0	3.0	3.0	60.1919	38.9181	0.00213397	0.0912306	26.2835	81.4212	65.0698	16.7439	42.6649	1.4	1.2	
6929	Kondara	0.0	1.0	0.0	0.0	1.0	1.0	0.0	1.0	1.0	1.0	1.0	0.0	60.0	1.3185	0.0	6.75	46.4018	1.0	45.0417	27.6	86.5069	42.8333	71.0	56.0	44.0	1.02	0.825	0.0	0.0	0.0	7.0	3.0	2.0	26.3979	57.4922	0.00100927	0.0449287	32.8167	92.7655	70.978	20.967	54.2687	1.3	1.1	
6930	Kz-1	1.0	0.0	0.0	0.0	1.0	1.0	0.0	0.0	1.0	1.0	1.0	1.0	106.0	NA	0.0	0.0	0.0	1.0	35.6806	19.8333	85.4167	33.0	49.0	54.0	40.0	0.463	0.669	1.0	1.0	NA	5.0	3.0	2.0	NA	237.774	0.00490837	0.172235	25.408	76.4327	60.185	16.9525	42.5307	1.6	1.2	
6931	Kz-9	0.0	0.0	0.0	0.0	1.0	1.0	0.0	0.0	1.0	0.0	0.0	1.0	132.0	NA	0.0	0.25	0.0	1.0	31.0	22.0	83.1806	42.1667	46.0	37.0	30.0	0.106	0.512	1.0	1.0	1.0	5.0	3.0	2.0	NA	201.682	0.0003968	0.0372286	22.8269	74.2731	57.3211	16.6227	39.6502	1.4	1.0	
6932	Ler-1	1.0	0.0	0.0	0.0	0.0	0.0	0.0	0.0	1.0	0.0	1.0	0.0	10.0	0.224372	65.93	100.0	100.0	0.0	26.8333	24.3333	75.5069	61.2	51.0	36.0	27.0	0.111	0.3406	1.0	1.0	1.0	5.0	3.0	2.0	10.5152	9.15082	0.00296332	0.0884977	20.0586	62.7358	45.2915	17.4254	37.3787	1.1	0.7	
6933	LL-0	1.0	0.0	0.0	0.0	0.0	0.0	0.0	0.0	0.0	1.0	0.0	1.0	129.0	-0.178571	-2.76e-15	7.52e-15	7.56835	1.0	46.0347	22.0	76.0	37.6667	56.0	52.0	55.0	2.597	1.3012	NA	NA	NA	7.0	3.0	2.0	61.6826	99.6033	0.00260453	0.04144	21.0244	78.8485	64.3985	13.7587	35.1251	1.7	1.1	
6936	Lz-0	1.0	1.0	0.0	0.0	0.0	0.0	0.0	0.0	1.0	1.0	1.0	0.0	56.0	0.804679	1.69e-17	8.24e-17	21.5474	1.0	48.0417	24.5	91.5208	40.5	67.0	54.0	42.0	1.378	0.3965	NA	1.0	0.0	5.0	3.0	2.0	-6.89e-16	66.5533	0.00229307	0.0863639	21.4268	69.4474	55.7537	13.613	35.2272	1.5	1.0	
6937	Mrk-0	0.0	1.0	0.0	0.0	0.0	0.0	0.0	1.0	1.0	1.0	1.0	0.0	17.0	0.74033	0.25	31.5	95.0	1.0	37.3472	30.6667	83.5208	51.6667	65.0	50.0	40.0	0.081	0.3277	0.0	1.0	0.0	7.0	3.0	2.0	46.741	34.5888	0.00376411	0.119093	27.7835	78.7114	67.3863	11.5362	39.174	2.0	1.5	
6939	Mt-0	0.0	0.0	0.0	0.0	0.0	0.0	0.0	0.0	1.0	1.0	0.0	0.0	7.0	0.927217	24.075	49.5	73.949	1.0	26.6667	22.5	86.2167	68.0	49.0	32.0	25.0	0.185	1.1142	0.0	1.0	0.0	7.0	3.0	2.0	5.8e-15	34.9569	0.00202762	0.0548255	18.4535	59.1834	41.2441	18.0362	36.0272	1.5	0.8	
6940	Mz-0	1.0	1.0	0.0	1.0	0.0	1.0	0.0	1.0	1.0	1.0	1.0	0.0	30.0	0.233298	0.0	17.75	64.7064	0.0	26.8333	24.6667	94.1944	70.0	49.0	32.0	28.0	0.096	1.2245	0.0	1.0	0.0	7.0	4.0	2.0	54.6162	49.0854	0.00837184	0.110865	16.0894	62.3651	40.03	22.0091	38.0073	1.5	1.0	
6942	Nd-1	0.0	0.0	1.0	0.0	0.0	0.0	0.0	1.0	1.0	1.0	0.0	0.0	NA	NA	23.0175	44.9286	53.2292	0.0	25.0	20.8333	65.0	60.1667	46.0	29.0	29.0	0.144	1.0632	0.0	1.0	0.0	5.0	3.0	2.0	NA	89.5046	0.00276316	0.0526419	21.586	64.0821	46.7273	17.9245	39.3026	1.2	0.9	
6943	NFA-10	1.0	1.0	1.0	1.0	0.0	1.0	0.0	0.0	1.0	1.0	0.0	0.0	5.0	-0.0992064	10.7025	8.5	26.0385	1.0	31.6667	23.5	NA	51.3333	49.0	37.0	32.0	0.162	0.8388	1.0	1.0	1.0	7.0	3.0	3.0	66.0792	72.0971	0.00506638	0.112877	18.7025	60.3371	43.0789	17.0501	35.8733	1.5	1.1	
6944	NFA-8	1.0	1.0	1.0	1.0	0.0	1.0	0.0	1.0	0.0	1.0	0.0	0.0	38.0	0.282494	1.95	2.0	8.98741	1.0	28.0	21.3333	79.6083	46.3333	49.0	37.0	32.0	0.203	1.1036	0.0	1.0	0.0	5.0	3.0	3.0	40.8707	132.644	0.00440226	0.1469	25.277	64.7063	50.1927	17.0717	38.997	1.4	1.0	
6945	Nok-3	0.0	1.0	0.0	0.0	1.0	1.0	0.0	0.0	0.0	1.0	0.0	0.0	36.0	1.37259	0.0	0.75	51.8419	1.0	40.2014	33.0	104.292	64.3333	55.0	53.0	59.0	0.858	1.258	1.0	1.0	1.0	7.0	3.0	2.0	28.6276	59.7406	0.00333583	0.0672424	38.4033	89.4564	78.6845	11.4254	49.5743	1.4	1.0	
6946	Oy-0	0.0	0.0	1.0	0.0	0.0	0.0	0.0	0.0	0.0	1.0	0.0	0.0	NA	1.80087	17.75	38.75	38.0847	0.0	32.8403	29.8333	102.442	64.8333	62.0	45.0	34.0	0.038	0.816	1.0	1.0	1.0	7.0	3.0	2.0	13.8889	80.6682	0.00917359	0.141663	21.5941	69.1273	52.9199	16.0501	37.8208	1.6	1.1	
6951	Pu2-23	0.0	1.0	0.0	0.0	0.0	0.0	0.0	0.0	1.0	0.0	0.0	1.0	28.0	1.28066	5.8175	32.5	97.5	1.0	44.0417	25.6667	87.5139	47.1667	68.0	50.0	35.0	0.661	2.4586	1.0	1.0	1.0	7.0	4.0	2.0	41.196	34.9419	0.00387895	0.111549	20.8772	71.4362	55.2288	16.2029	37.3443	1.3	1.4	
6956	Pu2-7	0.0	0.0	0.0	0.0	0.0	0.0	1.0	1.0	1.0	0.0	0.0	0.0	33.0	0.18999	0.0	5.5	87.5	1.0	51.2083	27.1667	90.3542	50.0	69.0	67.0	41.0	1.3	2.2153	1.0	1.0	1.0	7.0	4.0	2.0	98.2558	44.6354	0.00106702	0.0569047	28.0164	85.6798	73.5789	12.0083	40.0544	1.5	1.3	
6957	Pu2-8	0.0	NA	0.0	NA	NA	NA	1.0	NA	0.0	0.0	NA	0.0	NA	NA	NA	NA	NA	0.0	44.3681	28.8333	101.201	47.0	84.0	NA	55.0	2.175	2.234	NA	NA	NA	7.0	NA	3.0	NA	NA	NA	NA	21.9776	91.2753	76.3725	14.592	36.7066	NA	NA	
6958	Ra-0	1.0	1.0	1.0	0.0	0.0	0.0	0.0	1.0	0.0	1.0	1.0	0.0	64.0	1.05945	1.64e-17	8.19e-17	0.5	0.0	27.1667	23.1667	102.542	50.0	49.0	31.0	25.0	3.397	0.4204	0.0	1.0	0.0	7.0	3.0	2.0	8.31475	105.459	0.00187969	0.0627259	22.1637	64.5282	46.3328	17.551	40.0871	1.7	1.4	
6959	Ren-1	0.0	1.0	0.0	0.0	0.0	0.0	0.0	0.0	0.0	0.0	0.0	0.0	51.0	0.182897	2.715	26.5	77.9997	1.0	38.0208	29.1667	89.3542	52.3333	51.0	48.0	42.0	0.459	0.6573	1.0	0.0	1.0	5.0	3.0	2.0	52.261	39.5312	0.00149967	0.0428271	23.6135	74.998	61.1569	13.7587	37.6396	1.4	1.2	
6960	Ren-11	1.0	0.0	0.0	0.0	0.0	0.0	0.0	1.0	1.0	1.0	0.0	0.0	41.0	1.43e-16	1.62e-17	4.75	55.9069	0.0	24.6667	20.3333	81.8403	38.8333	47.0	31.0	25.0	0.241	0.7975	1.0	1.0	1.0	5.0	3.0	2.0	75.0	54.9724	0.00452957	0.0809157	17.9194	58.8501	41.0774	17.8695	35.7736	1.7	1.0	
6961	Se-0	1.0	0.0	1.0	0.0	0.0	0.0	0.0	0.0	1.0	1.0	0.0	0.0	123.0	0.177604	0.0	0.5	41.6514	1.0	46.5417	20.1667	73.3333	31.6667	46.0	47.0	56.0	3.63	1.009	1.0	1.0	1.0	7.0	3.0	3.0	67.3207	59.2843	0.00270936	0.0584186	26.9776	88.8256	82.5147	7.07637	33.5888	1.6	1.1	
6962	Shahdara	0.0	0.0	0.0	0.0	1.0	1.0	0.0	1.0	1.0	1.0	1.0	0.0	28.0	0.0	0.25	19.75	77.9613	1.0	33.3403	24.5	77.0	38.8333	52.0	42.0	33.0	0.063	1.0127	1.0	1.0	1.0	5.0	3.0	2.0	99.3902	42.8747	0.00277801	0.0660653	29.1523	76.7473	62.5239	13.7726	43.2537	1.4	1.1	
6963	Sorbo	0.0	0.0	0.0	0.0	1.0	1.0	0.0	1.0	1.0	1.0	0.0	1.0	73.0	NA	0.0	0.0	0.0	1.0	50.0417	27.0	99.7917	37.5	60.0	66.0	50.0	1.371	0.6743	1.0	1.0	1.0	5.0	3.0	2.0	NA	146.961	0.00502153	0.122466	31.1332	105.346	89.2917	16.0415	47.2684	1.8	1.1	
6964	Spr1-2	0.0	0.0	0.0	1.0	0.0	1.0	1.0	1.0	1.0	0.0	0.0	0.0	NA	1.80567	26.4105	97.5	100.0	0.0	60.8417	32.6667	200.0	200.0	93.0	97.0	207.0	0.771	1.0586	NA	NA	0.0	7.0	4.0	3.0	17.7656	13.663	0.00388476	0.0746892	NA	NA	NA	NA	NA	1.4	0.9	
6965	Spr1-6	0.0	1.0	1.0	0.0	0.0	0.0	0.0	1.0	1.0	1.0	0.0	0.0	NA	2.24026	0.0	9.48457	97.9452	0.0	200.0	40.0	200.0	80.6667	102.0	129.0	81.0	1.793	1.7159	1.0	1.0	1.0	5.0	3.0	2.0	2.77778	40.6665	0.00656676	0.100571	NA	NA	NA	NA	NA	1.4	1.2	
6966	Sq-1	0.0	1.0	1.0	0.0	0.0	0.0	0.0	0.0	1.0	1.0	0.0	1.0	NA	-0.0595238	0.1625	0.25	3.25	1.0	42.6944	23.8333	96.8611	46.8333	53.0	58.0	50.0	0.995	0.8259	1.0	1.0	1.0	5.0	3.0	2.0	66.2946	79.6785	0.00171113	0.0637767	22.9341	74.6704	60.4505	13.496	36.4548	1.3	1.0	
6967	Sq-8	1.0	1.0	1.0	1.0	0.0	1.0	0.0	0.0	0.0	0.0	0.0	0.0	28.0	0.0148809	0.0	5.43182	94.0	0.0	26.8333	21.6667	76.6736	42.0	44.0	32.0	28.0	0.021	0.798	0.0	1.0	0.0	5.0	3.0	2.0	100.0	42.1176	0.0024827	0.0845147	20.0746	70.47	49.7532	20.6749	40.8352	1.5	1.1	
6968	Tamm-2	0.0	0.0	1.0	0.0	0.0	0.0	0.0	0.0	0.0	0.0	0.0	0.0	11.0	0.205765	31.0	100.0	100.0	1.0	200.0	34.5	200.0	70.8333	71.0	126.0	207.0	2.197	1.0727	1.0	1.0	1.0	5.0	3.0	2.0	88.7821	11.9694	0.00399271	0.0852431	NA	NA	NA	NA	NA	1.3	0.9	
6969	Tamm-27	0.0	1.0	1.0	0.0	0.0	0.0	0.0	0.0	0.0	0.0	0.0	0.0	6.0	0.334821	29.25	79.304	100.0	1.0	200.0	33.1667	200.0	77.5	70.0	122.0	250.0	2.777	1.3021	1.0	1.0	1.0	5.0	3.0	2.0	82.0588	18.1081	0.000998095	0.0720201	NA	NA	NA	NA	NA	1.4	0.9	
6970	Ts-1	1.0	1.0	1.0	0.0	0.0	0.0	0.0	0.0	0.0	1.0	1.0	0.0	129.0	-0.00595238	1.71e-17	0.5	13.2778	1.0	43.2083	19.8333	69.1667	32.3333	48.0	45.0	44.0	3.633	1.2371	1.0	0.0	1.0	5.0	3.0	2.0	39.1317	72.068	0.00776955	0.141393	21.0358	73.3895	58.7379	14.5083	35.5925	1.7	1.3	
6971	Ts-5	0.0	0.0	0.0	0.0	0.0	0.0	0.0	1.0	0.0	1.0	0.0	0.0	127.0	-0.04329	0.0	0.0	8.75	1.0	71.375	19.5	92.0278	39.8	51.0	57.0	93.0	2.26	1.5324	0.0	1.0	0.0	5.0	3.0	2.0	68.7626	79.7412	0.00458015	0.12325	30.1802	101.968	91.9012	9.98768	40.1294	1.5	1.1	
6972	Tsu-1	0.0	1.0	1.0	0.0	0.0	0.0	0.0	0.0	1.0	1.0	0.0	0.0	7.0	NA	NA	NA	NA	0.0	35.1736	31.3333	73.3333	50.5	63.0	49.0	33.0	0.06	0.2614	1.0	1.0	1.0	5.0	3.0	2.0	NA	NA	NA	NA	21.6523	70.7286	52.6034	17.4952	39.5726	1.5	1.1	
6973	Ull2-3	0.0	0.0	0.0	0.0	0.0	0.0	0.0	1.0	1.0	0.0	0.0	0.0	15.0	NA	1.72e-17	1.48967	4.63917	0.0	29.6	27.0	65.8403	59.5	53.0	35.0	35.0	0.045	1.6034	0.0	1.0	0.0	5.0	3.0	2.0	NA	75.5528	0.00584478	0.140898	22.5358	72.2789	51.2288	21.161	43.7211	1.5	1.0	
6974	Ull2-5	0.0	1.0	1.0	0.0	0.0	0.0	0.0	1.0	1.0	0.0	0.0	1.0	71.0	-0.0565476	1.69e-17	8.23e-17	31.1765	1.0	200.0	55.6667	200.0	161.333	103.0	151.0	250.0	1.346	0.8484	1.0	1.0	1.0	5.0	3.0	2.0	100.0	82.8514	0.0112321	0.117901	NA	NA	NA	NA	NA	1.4	0.9	
6975	Uod-1	0.0	0.0	0.0	0.0	0.0	0.0	0.0	1.0	0.0	1.0	0.0	0.0	32.0	0.733637	0.86	0.0	35.0	0.0	31.0	25.0	75.6667	50.3333	51.0	44.0	37.0	0.116	0.7402	1.0	1.0	1.0	5.0	3.0	2.0	0.0	61.1927	0.00746541	0.152667	20.6717	66.4477	50.6355	15.2726	36.2918	1.5	1.1	
6976	Uod-7	0.0	1.0	1.0	0.0	0.0	0.0	0.0	1.0	1.0	1.0	0.0	0.0	46.0	0.517361	0.0	0.25	14.1362	1.0	54.4417	25.1667	110.042	55.3333	56.0	67.0	64.0	1.849	1.7096	1.0	1.0	1.0	5.0	3.0	2.0	54.2102	70.1152	0.00707893	0.15326	30.505	99.605	88.0881	10.9393	41.7918	1.4	1.1	
6977	Van-0	0.0	0.0	0.0	0.0	0.0	0.0	0.0	0.0	0.0	1.0	0.0	1.0	46.0	NA	1.73e-17	0.25	15.5562	0.0	28.3333	23.5	93.1944	64.3333	49.0	32.0	27.0	1.182	1.6562	NA	NA	NA	5.0	3.0	2.0	NA	74.364	0.0103301	0.193303	17.3497	58.4456	41.0392	17.8268	34.8932	1.1	0.8	
6978	Wa-1	1.0	0.0	0.0	0.0	0.0	0.0	0.0	0.0	0.0	1.0	1.0	0.0	19.0	1.77924	0.3075	11.5	58.7685	0.0	23.6667	21.8333	81.2	52.0	49.0	32.0	26.0	0.11	1.1646	1.0	1.0	1.0	7.0	3.0	2.0	0.0	52.301	0.00118837	0.107253	25.3223	66.7732	48.426	18.661	43.8026	1.4	1.2	
6979	Wei-0	0.0	1.0	0.0	0.0	0.0	0.0	0.0	1.0	1.0	1.0	1.0	0.0	75.0	0.310245	1.73e-17	0.5	19.9638	0.0	23.3333	20.8333	64.5	47.8333	44.0	28.0	26.0	0.055	0.3291	0.0	1.0	0.0	5.0	3.0	3.0	93.6508	69.2863	0.00403543	0.159259	21.3999	66.1626	43.6478	23.3408	44.3696	1.8	1.2	
6980	Ws-0	0.0	1.0	0.0	0.0	0.0	0.0	0.0	0.0	1.0	1.0	0.0	1.0	42.0	1.43e-16	0.0	0.0	35.3907	1.0	99.0333	26.1667	119.042	57.0	51.0	77.0	62.0	1.499	0.7839	1.0	1.0	1.0	5.0	3.0	3.0	85.7906	62.7901	0.0042332	0.0848587	32.2413	107.421	87.4597	20.7151	52.5363	1.4	1.0	
6981	Ws-2	0.0	0.0	0.0	0.0	0.0	0.0	0.0	0.0	1.0	1.0	1.0	0.0	0.0	1.46679	45.595	75.5	82.0	0.0	23.1667	19.1667	64.6667	33.1667	44.0	27.0	26.0	0.025	0.4196	1.0	1.0	1.0	7.0	3.0	2.0	32.0261	19.8747	0.00326391	0.0838324	16.4388	57.59	38.7379	18.4393	35.0019	1.7	1.1	
6982	Wt-5	0.0	0.0	0.0	0.0	0.0	0.0	0.0	1.0	1.0	1.0	0.0	1.0	65.0	NA	0.0	0.25	0.0	1.0	28.8333	27.8333	80.1667	43.8333	49.0	34.0	29.0	0.047	0.211	NA	1.0	0.0	7.0	4.0	3.0	NA	125.694	0.00233671	0.0997348	21.5552	65.7379	47.3022	18.0501	39.7447	1.5	1.0	
6983	Yo-0	0.0	0.0	0.0	0.0	0.0	0.0	0.0	0.0	1.0	0.0	0.0	1.0	37.0	0.0	0.0	58.2794	100.0	1.0	59.7917	32.2	200.0	88.5	71.0	69.0	80.0	0.702	1.0985	0.0	0.0	0.0	5.0	3.0	5.0	97.6562	26.4935	0.00346754	0.101877	18.8533	133.784	111.972	1.68512	36.0298	1.5	1.1	
6984	Zdr-1	0.0	0.0	0.0	0.0	0.0	0.0	0.0	0.0	0.0	1.0	0.0	0.0	20.0	0.736349	0.0	13.8636	91.9439	1.0	27.8333	21.1667	86.3472	44.1667	53.0	40.0	27.0	0.044	0.4455	1.0	0.0	1.0	5.0	4.0	2.0	46.0453	40.5351	0.00845758	0.204754	20.2139	65.4269	49.3006	16.161	36.2501	1.6	1.3	
6985	Zdr-6	0.0	0.0	0.0	0.0	0.0	0.0	0.0	0.0	1.0	0.0	0.0	0.0	16.0	0.814197	16.34	73.25	100.0	0.0	36.8472	21.8333	77.0	47.3333	56.0	41.0	39.0	0.336	1.7672	0.0	NA	0.0	7.0	4.0	3.0	43.9062	21.6954	0.00171944	0.074019	21.4388	69.3558	53.6263	15.6749	37.0689	1.4	1.0	
6988	Alc-0	1.0	1.0	1.0	NA	NA	NA	0.0	0.0	0.0	1.0	0.0	0.0	NA	NA	-3.05e-14	-1.46e-14	-4.59e-15	0.0	64.7083	25.75	200.0	42.4	48.0	70.0	71.0	3.049	1.143	NA	NA	NA	7.0	3.0	2.0	NA	264.0	0.00694769	0.122722	22.9631	89.0329	69.8301	19.4876	42.1481	NA	NA	
7000	Aa-0	NA	NA	NA	NA	NA	NA	NA	NA	NA	NA	NA	NA	NA	1.29976	0.155	0.75	68.3333	NA	NA	NA	NA	NA	65.0	66.75	54.3	NA	NA	NA	NA	NA	NA	NA	NA	-5.54e-14	50.7215	0.00198465	0.0901052	NA	NA	NA	NA	NA	NA	NA	
7014	Ba-1	NA	NA	NA	NA	NA	NA	NA	NA	NA	NA	NA	NA	NA	NA	NA	NA	NA	NA	NA	NA	NA	NA	92.0	90.0	95.3	NA	NA	NA	NA	NA	NA	NA	NA	NA	NA	NA	NA	NA	NA	NA	NA	NA	NA	NA	
7033	Buckhorn Pass	0.0	0.0	0.0	NA	NA	NA	1.0	0.0	0.0	1.0	1.0	1.0	NA	NA	NA	NA	NA	1.0	NA	NA	NA	NA	76.0	91.0	126.0	NA	NA	NA	NA	NA	5.0	3.0	2.0	NA	NA	NA	NA	NA	NA	NA	NA	NA	NA	NA	
7062	Ca-0	NA	NA	NA	NA	NA	NA	NA	NA	NA	NA	NA	NA	NA	NA	NA	NA	NA	NA	NA	NA	NA	NA	46.0	38.6667	29.8	NA	NA	NA	NA	NA	NA	NA	NA	NA	NA	NA	NA	NA	NA	NA	NA	NA	NA	NA	
7064	Cnt-1	NA	NA	NA	NA	NA	NA	NA	NA	NA	NA	NA	NA	NA	NA	NA	NA	NA	NA	NA	NA	NA	NA	79.0	47.5	46.0	NA	NA	NA	NA	NA	NA	NA	NA	NA	NA	NA	NA	NA	NA	NA	NA	NA	NA	NA	
7081	Co	0.0	0.0	0.0	NA	NA	NA	0.0	0.0	0.0	1.0	0.0	0.0	NA	NA	NA	NA	NA	1.0	45.0312	27.4	76.2	35.0	46.0	48.0	50.0	0.849	0.934	NA	NA	NA	5.0	3.0	3.0	NA	NA	NA	NA	18.6135	66.2358	49.2441	17.0501	35.8588	NA	NA	
7094	Da-0	NA	NA	NA	NA	NA	NA	NA	NA	NA	NA	NA	NA	NA	NA	NA	NA	NA	NA	NA	NA	NA	NA	58.5	37.0	29.8	NA	NA	NA	NA	NA	NA	NA	NA	NA	NA	NA	NA	NA	NA	NA	NA	NA	NA	NA	
7123	Ep-0	NA	NA	NA	NA	NA	NA	NA	NA	NA	NA	NA	NA	NA	NA	NA	NA	NA	NA	NA	NA	NA	NA	59.5	42.5	30.0	NA	NA	NA	NA	NA	NA	NA	NA	NA	NA	NA	NA	NA	NA	NA	NA	NA	NA	NA	
7147	Gie-0	NA	NA	NA	NA	NA	NA	NA	NA	NA	NA	NA	NA	NA	NA	NA	NA	NA	NA	NA	NA	NA	NA	71.0	50.25	46.0	NA	NA	NA	NA	NA	NA	NA	NA	NA	NA	NA	NA	NA	NA	NA	NA	NA	NA	NA	
7163	Ha-0	NA	NA	NA	NA	NA	NA	NA	NA	NA	NA	NA	NA	NA	NA	NA	NA	NA	NA	NA	NA	NA	NA	57.0	39.0	27.8	NA	NA	NA	NA	NA	NA	NA	NA	NA	NA	NA	NA	NA	NA	NA	NA	NA	NA	NA	
7231	Li-7	NA	NA	NA	NA	NA	NA	NA	NA	NA	NA	NA	NA	NA	NA	NA	NA	NA	NA	NA	NA	NA	NA	46.0	33.5	30.0	NA	NA	NA	NA	NA	NA	NA	NA	NA	NA	NA	NA	NA	NA	NA	NA	NA	NA	NA	
7255	Mh-0	NA	NA	NA	NA	NA	NA	NA	NA	NA	NA	NA	NA	NA	NA	NA	NA	NA	NA	NA	NA	NA	NA	46.0	35.5	30.0	NA	NA	NA	NA	NA	NA	NA	NA	NA	NA	NA	NA	NA	NA	NA	NA	NA	NA	NA	
7275	No-0	NA	NA	NA	NA	NA	NA	NA	NA	NA	NA	NA	NA	NA	0.80237	51.1225	94.75	95.25	NA	NA	NA	NA	NA	46.0	29.0	27.0	NA	NA	NA	NA	NA	NA	NA	NA	25.2259	10.7497	0.00440452	0.103317	NA	NA	NA	NA	NA	NA	NA	
7282	Or-0	NA	NA	NA	NA	NA	NA	NA	NA	NA	NA	NA	NA	NA	NA	NA	NA	NA	NA	NA	NA	NA	NA	51.0	29.0	23.8	NA	NA	NA	NA	NA	NA	NA	NA	NA	NA	NA	NA	NA	NA	NA	NA	NA	NA	NA	
7296	Petergof	0.0	0.0	0.0	NA	NA	NA	0.0	1.0	1.0	0.0	0.0	0.0	NA	NA	NA	NA	NA	0.0	29.6667	27.0	89.6806	NA	70.0	54.0	45.0	0.109	0.246	NA	NA	NA	5.0	3.0	2.0	NA	NA	NA	NA	22.1248	66.0655	49.5468	16.2587	38.5019	NA	NA	
7306	Pog-0	NA	NA	NA	NA	NA	NA	NA	NA	NA	NA	NA	NA	NA	NA	NA	NA	NA	NA	NA	NA	NA	NA	60.0	50.25	67.0	NA	NA	NA	NA	NA	NA	NA	NA	NA	NA	NA	NA	NA	NA	NA	NA	NA	NA	NA	
7323	Rubezhnoe-1	0.0	1.0	0.0	NA	NA	NA	0.0	1.0	1.0	0.0	0.0	0.0	NA	NA	NA	NA	NA	0.0	29.5208	29.75	81.3403	37.1667	56.0	59.0	51.0	NA	NA	NA	NA	NA	5.0	3.0	2.0	NA	NA	NA	NA	21.6831	78.8989	63.8725	14.8695	36.6305	NA	NA	
7346	Ste-0	NA	NA	NA	NA	NA	NA	NA	NA	NA	NA	NA	NA	NA	NA	NA	NA	NA	NA	NA	NA	NA	NA	64.0	43.0	42.8	NA	NA	NA	NA	NA	NA	NA	NA	NA	NA	NA	NA	NA	NA	NA	NA	NA	NA	NA	
7418	Zu-1	NA	NA	NA	NA	NA	NA	NA	NA	NA	NA	NA	NA	NA	0.191739	1.83	7.49713	34.3144	NA	NA	NA	NA	NA	63.0	38.25	39.0	NA	NA	NA	NA	NA	NA	NA	NA	65.295	66.5472	0.00345496	0.0852892	NA	NA	NA	NA	NA	NA	NA	
7424	Jl-3	NA	NA	NA	NA	NA	NA	NA	NA	NA	NA	NA	NA	NA	NA	NA	NA	NA	NA	NA	NA	NA	NA	43.0	30.0	26.0	NA	NA	NA	NA	NA	NA	NA	NA	NA	NA	NA	NA	NA	NA	NA	NA	NA	NA	NA	
7438	N13	0.0	0.0	0.0	1.0	0.0	1.0	0.0	1.0	1.0	0.0	1.0	1.0	15.0	0.45541	0.25	26.0	82.2881	1.0	85.3681	28.0	93.0417	44.8333	75.0	63.0	79.0	1.552	1.3951	1.0	1.0	1.0	5.0	3.0	3.0	65.1936	40.1786	0.00173384	0.0479769	36.6217	103.392	98.3839	6.42255	42.0919	1.5	1.1	
7460	Da(1)-12	NA	NA	NA	NA	NA	NA	NA	NA	NA	NA	NA	NA	NA	NA	NA	NA	NA	NA	NA	NA	NA	NA	49.0	34.75	23.3	NA	NA	NA	NA	NA	NA	NA	NA	NA	NA	NA	NA	NA	NA	NA	NA	NA	NA	NA	
7461	H55	NA	NA	NA	NA	NA	NA	NA	NA	NA	NA	NA	NA	NA	NA	NA	NA	NA	NA	33.1667	24.6	114.375	47.0	61.0	51.0	41.0	0.469	0.563	NA	NA	NA	NA	NA	NA	NA	NA	NA	NA	20.5084	67.9176	51.2685	16.4393	36.9783	NA	NA	
7477	WAR	NA	NA	NA	NA	NA	NA	NA	NA	NA	NA	NA	NA	NA	NA	NA	NA	NA	NA	NA	NA	NA	NA	59.0	43.0	43.0	NA	NA	NA	NA	NA	NA	NA	NA	NA	NA	NA	NA	NA	NA	NA	NA	NA	NA	NA	
7514	RRS-7	0.0	0.0	0.0	0.0	0.0	0.0	0.0	0.0	0.0	1.0	1.0	0.0	43.0	0.213331	0.0	2.25	39.4715	1.0	41.8611	29.5	98.6333	69.2	58.0	51.0	47.0	0.183	0.2262	1.0	1.0	1.0	5.0	3.0	2.0	0.757576	60.3526	0.00892155	0.210135	28.3384	87.3148	70.66	16.0781	44.7157	1.5	1.1	
7515	RRS-10	0.0	0.0	0.0	0.0	0.0	0.0	0.0	1.0	0.0	1.0	1.0	0.0	NA	0.0	0.0	23.0	100.0	1.0	50.6417	29.3333	NA	NA	49.0	62.0	60.0	0.272	0.9646	0.0	1.0	0.0	5.0	3.0	3.0	100.0	36.0707	0.00465553	0.116485	35.9741	104.753	99.0068	4.96781	41.1499	1.3	1.2	
7516	Vår2-1	1.0	1.0	1.0	0.0	0.0	0.0	0.0	0.0	1.0	0.0	0.0	0.0	NA	0.34889	0.25	4.01852	58.9705	0.0	200.0	42.8333	200.0	126.0	100.0	167.0	250.0	1.092	0.3914	0.0	0.0	0.0	5.0	4.0	3.0	82.1207	56.7535	0.0171913	0.184087	NA	NA	NA	NA	NA	1.6	0.9	
7517	Vår2-6	1.0	1.0	1.0	0.0	0.0	0.0	0.0	1.0	1.0	1.0	1.0	1.0	NA	0.0	0.765306	39.791	98.75	0.0	200.0	NA	200.0	182.667	107.0	160.0	207.0	1.91	2.6742	1.0	0.0	1.0	5.0	4.0	3.0	95.5487	33.2444	0.00980668	0.0580288	NA	NA	NA	NA	NA	1.5	0.9	
7518	ÖMö2-1	0.0	1.0	1.0	0.0	0.0	0.0	0.0	1.0	1.0	1.0	1.0	0.0	73.0	NA	0.0	0.0	9.66667	0.0	185.34	35.3333	200.0	77.25	103.0	116.0	113.0	1.715	1.6083	1.0	1.0	1.0	5.0	4.0	3.0	NA	182.529	0.0010572	0.0439369	NA	NA	NA	NA	NA	1.5	0.9	
7519	ÖMö2-3	0.0	1.0	0.0	1.0	0.0	1.0	1.0	1.0	0.0	1.0	1.0	0.0	70.0	0.0297619	0.0	0.0	47.1564	1.0	101.868	33.1667	109.875	52.6	76.0	71.0	68.0	1.143	1.5632	NA	1.0	NA	5.0	4.0	2.0	95.504	58.2276	0.00672797	0.143638	24.1911	115.082	108.213	9.38736	31.2714	1.2	0.9	
7520	Lp2-2	0.0	0.0	1.0	0.0	0.0	0.0	0.0	0.0	1.0	1.0	0.0	0.0	13.0	1.19853	2.94	42.6667	100.0	0.0	36.8403	26.0	95.0417	60.8333	60.0	42.0	33.0	0.155	2.0038	1.0	1.0	1.0	5.0	4.0	3.0	37.7419	32.3125	0.00542096	0.11761	18.5552	68.0526	49.9612	17.5781	36.3208	1.6	1.0	
7521	Lp2-6	0.0	0.0	1.0	0.0	0.0	0.0	1.0	1.0	1.0	0.0	0.0	0.0	6.0	0.785265	62.8872	99.5	100.0	0.0	36.3472	25.1667	110.292	59.8333	60.0	52.0	50.0	1.111	3.6373	1.0	0.0	1.0	5.0	4.0	2.0	1.83e-16	7.25115	0.00159179	0.0648571	24.7915	83.5842	68.1967	15.0231	40.1016	1.4	1.0	
7522	Mr-0	0.0	0.0	0.0	0.0	0.0	0.0	0.0	1.0	0.0	0.0	0.0	0.0	122.0	NA	0.0	0.0	0.0	1.0	63.4417	34.6667	93.2333	58.0	83.0	62.0	64.0	2.695	1.0036	0.0	1.0	0.0	5.0	3.0	2.0	NA	182.523	0.00101092	0.0778504	30.4662	104.979	90.1982	15.0353	45.4022	1.6	1.5	
7523	Pna-17	0.0	0.0	0.0	0.0	0.0	0.0	0.0	1.0	0.0	0.0	0.0	0.0	37.0	0.0	0.0	5.75	76.2662	1.0	63.8417	27.6667	200.0	68.6667	57.0	60.0	60.0	0.889	1.8292	NA	1.0	0.0	5.0	3.0	2.0	92.0833	45.8356	0.00390185	0.0766036	17.9388	120.382	110.102	11.6864	28.7373	1.5	1.4	
7524	Rmx-A02	0.0	0.0	1.0	0.0	0.0	0.0	0.0	1.0	0.0	1.0	1.0	0.0	13.0	0.0510204	0.0	33.5	97.5	1.0	47.0278	24.1667	200.0	67.2	51.0	55.0	73.0	0.572	2.0003	0.0	0.0	0.0	5.0	3.0	2.0	80.1555	34.2053	0.0026201	0.0681841	29.083	103.769	93.528	10.212	39.3815	1.3	1.5	
7525	Rmx-A180	0.0	0.0	1.0	0.0	0.0	0.0	0.0	1.0	0.0	1.0	1.0	0.0	43.0	NA	0.0	4.75	31.5769	1.0	31.5	24.1667	115.542	78.5	46.0	41.0	43.0	0.138	0.7095	1.0	0.0	1.0	5.0	3.0	2.0	NA	66.7748	0.00209178	0.0528131	19.1054	68.5318	50.4276	18.0362	37.145	1.4	1.0	
7526	Pna-10	0.0	0.0	0.0	0.0	0.0	0.0	0.0	0.0	1.0	1.0	1.0	0.0	8.0	0.109524	-4.25e-15	15.4	82.2222	1.0	52.0417	29.1667	200.0	74.4	53.0	60.0	87.0	0.181	0.7381	0.0	1.0	0.0	5.0	3.0	2.0	96.1155	46.7985	0.00556702	0.151147	36.3303	102.247	91.2379	10.4812	47.0635	1.6	1.1	
8213	Pro-0	1.0	1.0	0.0	0.0	0.0	0.0	0.0	1.0	0.0	1.0	0.0	0.0	79.0	0.0988183	0.0	0.25	0.0	0.0	25.0	18.8333	65.1667	37.0	44.0	29.0	27.0	0.335	1.1361	1.0	1.0	1.0	5.0	3.0	2.0	48.3814	134.413	0.00463918	0.0932407	16.3999	57.4318	40.6584	16.8958	32.3076	1.5	1.0	
8214	Gy-0	1.0	0.0	0.0	1.0	0.0	1.0	0.0	1.0	0.0	1.0	0.0	0.0	21.0	0.200399	1.185	19.75	88.0653	1.0	37.6806	25.8333	94.7014	45.8333	51.0	48.0	42.0	0.96	1.1831	1.0	0.0	1.0	7.0	4.0	3.0	77.6094	39.3506	0.00148823	0.0995303	23.248	73.3745	57.9582	15.051	38.1124	1.6	1.2	
8215	Fei-0	1.0	1.0	1.0	1.0	0.0	1.0	0.0	0.0	0.0	1.0	0.0	0.0	23.0	0.294366	0.68	3.41346	17.2798	1.0	33.6667	24.0	103.035	59.6667	51.0	45.0	37.0	0.839	1.3153	NA	NA	NA	7.0	3.0	3.0	-1.17e-18	73.1861	0.00239166	0.0481773	16.4776	62.924	45.4444	16.8298	33.4555	1.4	1.0	
8222	Lis-2	0.0	1.0	1.0	NA	NA	NA	1.0	1.0	1.0	1.0	0.0	0.0	NA	NA	NA	NA	NA	1.0	200.0	41.25	200.0	72.5	90.0	98.0	90.0	1.265	0.767	NA	NA	NA	7.0	3.0	2.0	NA	NA	NA	NA	15.2843	106.381	121.668	11.8221	29.0168	NA	NA	
8230	Algutsrum	0.0	0.0	0.0	NA	NA	NA	0.0	0.0	1.0	1.0	0.0	0.0	NA	NA	NA	NA	NA	1.0	200.0	46.8	200.0	200.0	97.0	163.0	216.0	2.941	2.489	NA	NA	NA	7.0	3.0	2.0	NA	NA	NA	NA	NA	NA	NA	NA	NA	NA	NA	
8231	Brö1-6	0.0	0.0	0.0	NA	NA	NA	0.0	1.0	1.0	1.0	0.0	0.0	NA	NA	NA	NA	NA	0.0	95.0417	NA	NA	NA	91.0	116.0	126.0	1.882	0.903	NA	NA	NA	5.0	3.0	2.0	NA	NA	NA	NA	NA	NA	NA	NA	NA	NA	NA	
8233	Dem-4	0.0	0.0	0.0	NA	NA	NA	1.0	1.0	1.0	1.0	0.0	0.0	NA	NA	NA	NA	NA	0.0	41.5208	46.0	NA	NA	59.0	79.0	73.0	0.627	1.875	NA	NA	NA	7.0	3.0	2.0	NA	NA	NA	NA	27.6007	107.756	102.199	5.98704	40.348	NA	NA	
8235	Hod	0.0	1.0	0.0	NA	NA	NA	0.0	1.0	1.0	1.0	0.0	0.0	NA	NA	NA	NA	NA	0.0	21.0	23.75	NA	NA	60.0	71.0	58.0	1.169	0.825	NA	NA	NA	7.0	3.0	2.0	NA	NA	NA	NA	33.7558	110.32	100.115	10.7429	44.0541	NA	NA	
8236	HSm	0.0	0.0	0.0	NA	NA	NA	0.0	0.0	1.0	0.0	0.0	1.0	NA	NA	NA	NA	NA	0.0	35.6736	27.0	97.8681	60.0	91.0	44.0	31.0	0.114	1.072	NA	NA	NA	7.0	3.0	2.0	NA	NA	NA	NA	19.3497	64.2208	49.6661	15.6034	34.2844	NA	NA	
8237	Kävlinge-1	0.0	1.0	0.0	NA	NA	NA	0.0	0.0	NA	0.0	0.0	NA	NA	NA	NA	NA	NA	NA	200.0	38.4	200.0	128.5	97.0	43.0	NA	1.063	1.385	NA	NA	NA	7.0	3.0	4.0	NA	NA	NA	NA	NA	NA	NA	NA	NA	NA	NA	
8239	Köln	0.0	0.0	1.0	NA	NA	NA	0.0	0.0	1.0	1.0	0.0	0.0	NA	NA	NA	NA	NA	0.0	28.5	25.3333	91.7014	55.8	52.0	37.0	29.0	0.062	2.269	NA	NA	NA	7.0	3.0	2.0	NA	NA	NA	NA	19.8578	68.457	48.5086	19.5501	39.6777	NA	NA	
8240	Kulturen-1	0.0	0.0	0.0	NA	NA	NA	0.0	1.0	1.0	0.0	0.0	0.0	NA	NA	NA	NA	NA	1.0	200.0	42.5	200.0	200.0	93.0	122.0	250.0	1.434	0.86	NA	NA	NA	7.0	3.0	2.0	NA	NA	NA	NA	NA	NA	NA	NA	NA	NA	NA	
8241	Liarum	0.0	0.0	0.0	NA	NA	NA	0.0	0.0	1.0	0.0	1.0	1.0	NA	NA	NA	NA	NA	1.0	NA	37.0	157.021	73.5	73.0	66.0	43.0	0.37	1.146	NA	NA	NA	7.0	3.0	2.0	NA	NA	NA	NA	30.7219	93.9326	82.9444	10.7168	41.578	NA	NA	
8242	Lillö-1	0.0	0.0	1.0	NA	NA	NA	0.0	0.0	1.0	1.0	0.0	0.0	NA	NA	NA	NA	NA	0.0	200.0	48.8333	200.0	200.0	120.0	100.0	250.0	1.248	0.636	NA	NA	NA	5.0	3.0	2.0	NA	NA	NA	NA	NA	NA	NA	NA	NA	NA	NA	
8243	PHW-2	0.0	0.0	0.0	NA	NA	NA	1.0	1.0	1.0	1.0	0.0	0.0	NA	NA	NA	NA	NA	1.0	93.0417	28.5	200.0	NA	66.0	69.0	51.0	3.598	0.958	NA	NA	NA	7.0	3.0	2.0	NA	NA	NA	NA	25.6035	103.919	92.7519	12.145	37.451	NA	NA	
8245	Seattle-0	0.0	0.0	0.0	NA	NA	NA	0.0	0.0	0.0	1.0	0.0	0.0	NA	NA	NA	NA	NA	0.0	34.25	25.0	83.0	33.6667	46.0	47.0	47.0	0.362	0.76	NA	NA	NA	7.0	3.0	2.0	NA	NA	NA	NA	19.9856	64.3989	47.4199	16.7447	37.011	NA	NA	
8247	San-2	0.0	1.0	1.0	NA	NA	NA	0.0	0.0	1.0	1.0	1.0	1.0	NA	NA	NA	NA	NA	1.0	200.0	44.75	200.0	70.8333	87.0	93.0	96.0	3.151	2.093	NA	NA	NA	5.0	3.0	2.0	NA	NA	NA	NA	NA	NA	NA	NA	NA	NA	NA	
8249	Vimmerby	0.0	1.0	1.0	NA	NA	NA	0.0	1.0	1.0	0.0	0.0	0.0	NA	NA	NA	NA	NA	0.0	200.0	41.1667	200.0	NA	81.0	98.0	109.0	1.183	1.281	NA	NA	NA	7.0	3.0	2.0	NA	NA	NA	NA	21.3641	134.407	132.992	1.92336	23.1694	NA	NA	
8254	Ang-0	1.0	1.0	0.0	NA	NA	NA	0.0	0.0	0.0	0.0	0.0	0.0	NA	0.120893	1.5625	4.0	7.73214	0.0	33.8403	22.8333	86.5069	51.0	52.0	52.0	48.0	1.106	1.494	NA	NA	NA	7.0	3.0	2.0	43.373	107.442	0.0028279	0.0835819	20.3578	68.3449	50.611	15.6923	37.4278	NA	NA	
8256	Bå1-2	0.0	1.0	1.0	NA	NA	NA	0.0	1.0	1.0	1.0	0.0	0.0	NA	NA	NA	NA	NA	0.0	28.8333	36.3333	85.3472	53.6667	61.0	41.0	26.0	0.037	1.79	NA	NA	NA	7.0	3.0	2.0	NA	NA	NA	NA	21.7333	65.4793	47.5698	17.6479	39.5399	NA	NA	
8258	Bå4-1	0.0	0.0	0.0	NA	NA	NA	0.0	0.0	1.0	1.0	1.0	1.0	NA	NA	NA	NA	NA	0.0	34.0	35.6	111.708	71.0	73.0	63.0	34.0	0.338	1.019	NA	NA	NA	7.0	3.0	2.0	NA	NA	NA	NA	39.3497	89.3249	71.9444	13.2363	55.5133	NA	NA	
8259	Bå5-1	0.0	0.0	0.0	NA	NA	NA	0.0	0.0	1.0	1.0	1.0	1.0	NA	NA	NA	NA	NA	0.0	37.3472	31.8	106.031	62.8333	73.0	51.0	33.0	0.364	0.883	NA	NA	NA	7.0	3.0	2.0	NA	NA	NA	NA	23.9354	70.8352	53.4914	17.0205	41.9178	NA	NA	
8264	Bla-1	1.0	0.0	0.0	NA	NA	NA	1.0	1.0	1.0	0.0	0.0	0.0	NA	0.265873	0.48075	2.86438	48.8039	1.0	55.0333	22.3333	106.542	37.4	46.0	68.0	108.0	NA	NA	NA	NA	NA	7.0	3.0	2.0	75.2855	58.0819	0.00487822	0.115429	31.7243	110.352	101.273	10.272	41.4036	NA	NA	
8265	Blh-1	0.0	0.0	0.0	NA	NA	NA	0.0	0.0	0.0	0.0	0.0	0.0	NA	0.15873	-1.22e-14	-2.62e-14	83.9789	0.0	25.0	24.6	77.3333	48.5	44.0	30.0	29.0	0.088	1.345	NA	NA	NA	7.0	3.0	2.0	94.8148	45.7694	0.0100823	0.199848	19.916	62.0282	43.5881	18.2858	38.3588	NA	NA	
8266	Boo2-1	0.0	1.0	1.0	NA	NA	NA	1.0	1.0	1.0	0.0	0.0	0.0	NA	NA	NA	NA	NA	1.0	200.0	35.0	NA	NA	99.0	180.0	250.0	1.266	0.701	NA	NA	NA	5.0	3.0	2.0	NA	NA	NA	NA	NA	NA	NA	NA	NA	NA	NA	
8270	Bs-1	0.0	0.0	1.0	NA	NA	NA	0.0	0.0	0.0	0.0	0.0	0.0	NA	0.0658134	0.0	2.75	35.0002	0.0	33.8	24.5	92.6875	47.6667	49.0	51.0	45.0	0.482	NA	NA	NA	NA	7.0	3.0	2.0	96.6667	64.0557	0.00341979	0.0947512	20.7219	69.7997	51.0392	18.065	39.2393	NA	NA	
8271	Bu-0	0.0	1.0	1.0	NA	NA	NA	0.0	1.0	1.0	0.0	0.0	0.0	NA	NA	NA	NA	NA	0.0	28.1667	26.1667	92.7014	56.5	49.0	41.0	29.0	0.146	1.714	NA	NA	NA	7.0	4.0	2.0	NA	NA	NA	NA	24.5802	71.681	54.506	17.479	41.9706	NA	NA	
8274	Can-0	0.0	1.0	0.0	NA	NA	NA	0.0	1.0	1.0	0.0	0.0	0.0	NA	0.169275	0.0	11.25	71.466	1.0	63.0417	32.6	93.0417	56.5	74.0	87.0	89.0	NA	NA	NA	NA	NA	7.0	3.0	3.0	89.7727	47.2924	0.0058051	0.143972	30.8578	98.6859	91.7826	8.16857	38.5749	NA	NA	
8275	Cen-0	0.0	1.0	1.0	NA	NA	NA	1.0	0.0	0.0	0.0	0.0	0.0	NA	NA	NA	NA	NA	0.0	34.5	29.0	105.042	81.0	68.0	52.0	51.0	0.899	0.704	NA	NA	NA	7.0	3.0	3.0	NA	NA	NA	NA	21.416	66.5619	49.1278	17.0362	38.7537	NA	NA	
8283	Dra3-1	0.0	1.0	1.0	NA	NA	NA	0.0	0.0	1.0	0.0	0.0	0.0	NA	NA	NA	NA	NA	0.0	200.0	34.2	200.0	131.6	71.0	84.0	250.0	2.073	1.85	NA	NA	NA	7.0	3.0	2.0	NA	NA	NA	NA	20.3714	72.239	52.4478	25.9367	42.3136	NA	NA	
8284	DraII-1	0.0	1.0	0.0	NA	NA	NA	0.0	0.0	0.0	0.0	0.0	1.0	NA	NA	NA	NA	NA	1.0	77.0417	30.0	89.825	67.3333	61.0	72.0	41.0	0.85	0.696	NA	NA	NA	7.0	3.0	2.0	NA	NA	NA	NA	27.0325	108.406	98.0968	9.77454	37.1374	NA	NA	
8285	DraIII-1	0.0	1.0	1.0	NA	NA	NA	0.0	1.0	1.0	0.0	0.0	0.0	NA	NA	NA	NA	NA	0.0	35.8403	23.5	88.3403	59.0	70.0	51.0	37.0	0.06	0.623	NA	NA	NA	7.0	3.0	2.0	NA	NA	NA	NA	16.9662	61.9456	45.1416	16.9664	34.0019	NA	NA	
8290	En-1	1.0	1.0	1.0	NA	NA	NA	0.0	1.0	1.0	1.0	0.0	0.0	NA	NA	NA	NA	NA	0.0	27.3333	23.3333	71.5	33.6	50.0	41.0	28.0	0.157	0.402	NA	NA	NA	7.0	3.0	2.0	NA	NA	NA	NA	19.3802	61.4767	44.4216	16.946	36.3533	NA	NA	
8296	Gd-1	1.0	1.0	0.0	NA	NA	NA	1.0	0.0	0.0	1.0	0.0	0.0	NA	1.11559	0.0	0.0	2.88461	0.0	29.3403	23.8333	77.6667	56.8333	45.0	29.0	28.0	0.127	1.152	NA	NA	NA	7.0	3.0	2.0	19.6824	76.4238	0.00630456	0.164413	20.9147	58.5728	42.4169	16.3006	36.8841	NA	NA	
8297	Ge-0	0.0	1.0	1.0	NA	NA	NA	1.0	1.0	1.0	1.0	0.0	0.0	NA	0.778446	0.0	54.25	100.0	0.0	200.0	27.0	200.0	68.6667	73.0	104.0	247.0	4.352	1.253	NA	NA	NA	5.0	3.0	3.0	78.7292	28.0075	0.0106649	0.161973	NA	NA	NA	NA	NA	NA	NA	
8300	Gr-1	1.0	1.0	1.0	NA	NA	NA	0.0	0.0	1.0	1.0	0.0	0.0	NA	NA	NA	NA	NA	0.0	35.4083	27.6667	88.0208	92.0	61.0	51.0	40.0	0.175	NA	NA	NA	NA	7.0	3.0	2.0	NA	NA	NA	NA	21.7801	67.0282	51.1431	15.5501	37.5255	NA	NA	
8306	Hov4-1	1.0	0.0	0.0	NA	NA	NA	1.0	1.0	1.0	0.0	0.0	0.0	NA	NA	NA	NA	NA	1.0	72.0417	37.8	200.0	100.167	96.0	49.0	250.0	0.81	0.804	NA	NA	NA	5.0	3.0	2.0	NA	NA	NA	NA	NA	NA	NA	NA	NA	NA	NA	
8310	Hs-0	0.0	1.0	1.0	NA	NA	NA	0.0	0.0	1.0	1.0	0.0	0.0	NA	NA	NA	NA	NA	0.0	26.0	31.0	77.3403	57.5	49.0	31.0	28.0	0.184	0.737	NA	NA	NA	7.0	3.0	2.0	NA	NA	NA	NA	20.2413	59.9176	42.5071	17.3556	37.7066	NA	NA	
8311	In-0	0.0	0.0	0.0	NA	NA	NA	0.0	0.0	0.0	1.0	0.0	0.0	NA	NA	NA	NA	NA	1.0	30.5	22.0	114.792	57.0	49.0	51.0	48.0	1.516	1.009	NA	NA	NA	5.0	3.0	2.0	NA	NA	NA	NA	23.7801	94.6834	81.4429	13.4664	37.2972	NA	NA	
8312	Is-0	0.0	0.0	0.0	NA	NA	NA	0.0	0.0	0.0	1.0	0.0	1.0	NA	NA	NA	NA	NA	0.0	29.8333	25.0	81.0	46.8	66.0	41.0	35.0	0.328	0.449	NA	NA	NA	7.0	3.0	2.0	NA	NA	NA	NA	20.0164	63.3615	46.1187	16.6758	37.011	NA	NA	
8313	Jm-0	0.0	0.0	1.0	NA	NA	NA	0.0	0.0	0.0	0.0	1.0	1.0	NA	NA	NA	NA	NA	0.0	26.0	25.0	100.208	58.3333	49.0	35.0	27.0	0.136	0.33	NA	NA	NA	7.0	3.0	2.0	NA	NA	NA	NA	18.2801	57.9456	41.8251	16.6182	34.6359	NA	NA	
8314	Ka-0	0.0	0.0	0.0	NA	NA	NA	0.0	0.0	0.0	1.0	0.0	1.0	NA	0.0	0.0	2.21239	34.3533	0.0	29.4	27.0	77.6667	36.5	64.0	41.0	37.0	1.222	0.571	NA	NA	NA	7.0	3.0	2.0	99.0741	61.956	0.00325392	0.11431	19.5358	62.1424	44.2303	17.5641	37.2447	NA	NA	
8323	Lc-0	0.0	1.0	1.0	NA	NA	NA	0.0	1.0	1.0	0.0	0.0	0.0	NA	NA	NA	NA	NA	0.0	NA	24.0	117.701	58.8333	51.0	41.0	36.0	NA	NA	NA	NA	NA	7.0	3.0	4.0	NA	NA	NA	NA	20.4696	66.3922	46.9446	21.2151	41.0036	NA	NA	
8325	Lip-0	0.0	0.0	0.0	NA	NA	NA	0.0	0.0	0.0	0.0	0.0	0.0	NA	NA	NA	NA	NA	0.0	29.6667	22.8333	77.0	47.0	49.0	41.0	27.0	0.043	1.476	NA	NA	NA	7.0	3.0	2.0	NA	NA	NA	NA	21.5438	62.2602	46.3725	16.0772	37.6686	NA	NA	
8326	Lis-1	0.0	0.0	0.0	NA	NA	NA	0.0	0.0	1.0	0.0	0.0	0.0	NA	NA	NA	NA	NA	1.0	41.8681	34.8	98.0417	73.0	67.0	58.0	49.0	0.245	1.468	NA	NA	NA	7.0	4.0	3.0	NA	NA	NA	NA	22.7702	78.8016	64.6037	14.0425	37.0967	NA	NA	
8329	Lm-2	0.0	1.0	0.0	NA	NA	NA	0.0	1.0	1.0	1.0	0.0	0.0	NA	1.03566	65.315	98.25	100.0	0.0	26.6667	24.3333	74.0083	39.0	46.0	31.0	26.0	0.102	0.32	NA	NA	NA	5.0	3.0	2.0	1.46199	7.23394	0.00914439	0.180164	18.3999	69.4513	44.6814	24.3424	42.9494	NA	NA	
8334	Lu-1	0.0	0.0	0.0	NA	NA	NA	1.0	0.0	0.0	0.0	0.0	0.0	NA	NA	NA	NA	NA	0.0	40.825	25.8333	92.2417	60.4	64.0	52.0	51.0	1.69	1.398	NA	NA	NA	7.0	3.0	2.0	NA	NA	NA	NA	25.5827	78.2042	61.8893	16.147	41.9349	NA	NA	
8335	Lund	0.0	1.0	1.0	NA	NA	NA	1.0	1.0	1.0	0.0	0.0	0.0	NA	NA	NA	NA	NA	0.0	200.0	49.8	200.0	83.3333	104.0	129.0	250.0	2.782	1.914	NA	NA	NA	7.0	3.0	2.0	NA	NA	NA	NA	31.8478	79.066	65.1732	13.5708	45.5603	NA	NA	
8337	Mir-0	0.0	0.0	0.0	NA	NA	NA	0.0	1.0	1.0	0.0	0.0	0.0	NA	NA	NA	NA	NA	1.0	82.0417	28.5	111.375	36.25	70.0	74.0	78.0	NA	NA	NA	NA	NA	7.0	3.0	3.0	NA	NA	NA	NA	24.8196	109.924	101.685	12.4783	36.4753	NA	NA	
8343	Na-1	0.0	0.0	0.0	NA	NA	NA	0.0	0.0	0.0	1.0	1.0	0.0	NA	NA	NA	NA	NA	0.0	33.6667	25.0	86.0139	46.0	62.0	45.0	26.0	0.166	0.283	NA	NA	NA	5.0	3.0	2.0	NA	NA	NA	NA	16.7219	62.1611	44.7211	16.8843	34.0345	NA	NA	
8351	Ost-0	0.0	0.0	0.0	NA	NA	NA	0.0	0.0	0.0	0.0	0.0	0.0	NA	NA	NA	NA	NA	1.0	200.0	36.0	200.0	95.0	78.0	112.0	250.0	2.07	0.723	NA	NA	NA	5.0	3.0	2.0	NA	NA	NA	NA	NA	NA	NA	NA	NA	NA	NA	
8353	Pa-1	0.0	0.0	0.0	NA	NA	NA	0.0	0.0	0.0	0.0	0.0	1.0	NA	NA	NA	NA	NA	0.0	27.0	19.3333	60.6667	27.6	41.0	40.0	37.0	NA	NA	NA	NA	NA	5.0	3.0	2.0	NA	NA	NA	NA	17.4386	58.0806	40.9688	16.8416	34.5982	NA	NA	
8354	Per-1	0.0	0.0	0.0	NA	NA	NA	0.0	0.0	0.0	1.0	0.0	1.0	NA	1.84043	56.05	66.75	100.0	0.0	34.3472	27.5	NA	NA	70.0	45.0	29.0	0.361	0.469	NA	NA	NA	5.0	3.0	2.0	3.67647	18.9253	0.00142789	0.0820875	22.0552	68.0131	51.9123	16.0083	38.1305	NA	NA	
8357	Pla-0	0.0	1.0	1.0	NA	NA	NA	0.0	1.0	1.0	1.0	0.0	0.0	NA	NA	NA	NA	NA	0.0	52.5417	25.6667	78.0	40.2	NA	NA	NA	NA	NA	NA	NA	NA	5.0	3.0	2.0	NA	NA	NA	NA	22.8384	87.1424	73.9046	12.7866	35.9965	NA	NA	
8365	Rak-2	0.0	0.0	1.0	NA	NA	NA	0.0	0.0	0.0	0.0	0.0	0.0	NA	NA	NA	NA	NA	0.0	27.5	30.5	72.3333	44.6	51.0	33.0	26.0	NA	NA	NA	NA	NA	5.0	3.0	2.0	NA	NA	NA	NA	18.0244	59.3838	44.215	15.9507	33.4982	NA	NA	
8366	Rd-0	NA	NA	NA	NA	NA	NA	NA	NA	NA	NA	NA	NA	NA	NA	NA	NA	NA	NA	NA	NA	NA	NA	NA	NA	NA	NA	NA	NA	NA	NA	NA	NA	NA	NA	NA	NA	NA	21.7333	67.6388	46.5377	19.2481	42.1759	NA	NA	
8369	Rev-1	1.0	1.0	1.0	NA	NA	NA	0.0	1.0	1.0	0.0	0.0	0.0	NA	NA	NA	NA	NA	1.0	95.0417	41.0	200.0	76.0	76.0	67.0	110.0	3.065	2.352	NA	NA	NA	5.0	3.0	2.0	NA	NA	NA	NA	NA	NA	NA	NA	NA	NA	NA	
8374	Rsch-4	0.0	0.0	0.0	NA	NA	NA	0.0	0.0	0.0	1.0	0.0	1.0	NA	NA	NA	NA	NA	0.0	31.8333	32.6667	77.5	54.0	59.0	45.0	30.0	0.309	0.69	NA	NA	NA	7.0	3.0	2.0	NA	NA	NA	NA	21.1911	68.5655	51.6034	17.0633	38.2591	NA	NA	
8376	Sanna-2	0.0	0.0	0.0	NA	NA	NA	0.0	1.0	1.0	1.0	0.0	1.0	NA	NA	NA	NA	NA	1.0	200.0	45.75	200.0	73.3333	84.0	134.0	250.0	1.629	0.937	NA	NA	NA	7.0	3.0	2.0	NA	NA	NA	NA	NA	NA	NA	NA	NA	NA	NA	
8378	Sap-0	0.0	0.0	0.0	NA	NA	NA	1.0	1.0	1.0	1.0	0.0	0.0	NA	NA	NA	NA	NA	1.0	41.825	27.6	87.8542	44.0	56.0	50.0	41.0	0.862	1.27	NA	NA	NA	7.0	3.0	2.0	NA	NA	NA	NA	17.3611	67.7883	51.9352	16.1051	33.2265	NA	NA	
8387	St-0	0.0	0.0	0.0	NA	NA	NA	0.0	1.0	1.0	0.0	0.0	0.0	NA	0.398867	0.333333	53.6667	89.6552	1.0	35.5104	30.3333	90.5278	57.8	52.0	49.0	44.0	0.058	NA	NA	NA	NA	5.0	3.0	2.0	59.6757	29.969	0.00716459	0.12492	21.6523	69.5318	53.3083	16.0781	38.011	NA	NA	
8388	Stw-0	0.0	0.0	0.0	NA	NA	NA	0.0	1.0	1.0	1.0	0.0	0.0	NA	2.26862	48.3375	55.5	96.75	0.0	NA	24.0	67.4	40.5	60.0	46.0	34.0	NA	NA	NA	NA	NA	5.0	3.0	2.0	-1.81e-14	20.0464	0.00722568	0.158669	21.3076	69.3787	50.7777	16.29	39.2557	NA	NA	
8389	Ta-0	0.0	0.0	0.0	NA	NA	NA	0.0	1.0	1.0	1.0	0.0	0.0	NA	NA	NA	NA	NA	0.0	32.8333	27.2	81.6	47.0	63.0	50.0	38.0	0.156	2.64	NA	NA	NA	5.0	3.0	2.0	NA	NA	NA	NA	11.6637	64.8127	47.0942	17.6889	29.3878	NA	NA	
8395	Tu-0	0.0	0.0	0.0	NA	NA	NA	0.0	0.0	0.0	1.0	0.0	0.0	NA	NA	NA	NA	NA	0.0	33.3333	36.25	76.8403	49.1667	69.0	35.0	40.0	0.035	0.846	NA	NA	NA	5.0	3.0	2.0	NA	NA	NA	NA	21.0941	69.2602	52.3159	16.7726	38.1396	NA	NA	
8411	Rd-0	NA	NA	NA	NA	NA	NA	NA	NA	NA	NA	NA	NA	NA	NA	NA	NA	NA	NA	27.1667	25.0	86.6875	69.0	NA	NA	NA	0.082	0.894	NA	NA	NA	NA	NA	NA	NA	NA	NA	NA	22.2607	66.5562	48.0239	18.4664	40.7591	NA	NA	
8412	Sav-0	0.0	0.0	0.0	NA	NA	NA	1.0	1.0	1.0	0.0	0.0	0.0	NA	2.26459	40.0475	57.0	97.5	0.0	NA	NA	NA	NA	NA	NA	NA	0.06	0.399	NA	NA	NA	7.0	3.0	2.0	0.0	21.772	0.00525357	0.155034	18.5941	57.09	40.8893	15.9943	34.6686	NA	NA	
8420	Kelsterbach-4	0.0	0.0	0.0	NA	NA	NA	0.0	0.0	1.0	1.0	0.0	0.0	NA	NA	NA	NA	NA	1.0	NA	NA	NA	NA	56.0	41.0	28.0	NA	NA	NA	NA	NA	7.0	3.0	3.0	NA	NA	NA	NA	18.8384	63.8651	47.2227	17.0903	35.674	NA	NA	
8422	Fjä1-1	0.0	0.0	0.0	NA	NA	NA	0.0	0.0	1.0	1.0	0.0	0.0	NA	NA	NA	NA	NA	1.0	NA	NA	NA	NA	106.0	172.0	250.0	NA	NA	NA	NA	NA	5.0	3.0	3.0	NA	NA	NA	NA	NA	NA	NA	NA	NA	NA	NA	
8423	Hov2-1	0.0	0.0	0.0	NA	NA	NA	0.0	0.0	0.0	0.0	0.0	0.0	NA	NA	NA	NA	NA	0.0	NA	NA	NA	NA	70.0	53.0	44.0	0.179	1.1	NA	NA	NA	5.0	3.0	2.0	NA	NA	NA	NA	26.1911	91.6554	73.5162	18.7151	44.5979	NA	NA	
8424	Kas-2	1.0	0.0	0.0	0.0	1.0	1.0	0.0	1.0	1.0	1.0	0.0	0.0	189.0	NA	-4.9e-16	1.04e-14	-2.11e-14	1.0	44.2014	21.6667	92.2167	35.3333	46.0	51.0	63.0	5.958	1.8633	1.0	1.0	1.0	5.0	3.0	2.0	NA	264.0	0.00349692	0.103447	29.7236	97.6757	88.7193	9.35774	38.8292	1.8	1.5	
8426	Ull1-1	0.0	0.0	0.0	NA	NA	NA	0.0	0.0	1.0	1.0	0.0	0.0	NA	NA	NA	NA	NA	0.0	NA	NA	NA	NA	49.0	31.0	26.0	0.017	0.709	NA	NA	NA	6.0	3.0	3.0	NA	NA	NA	NA	19.1329	62.5517	45.0896	18.7515	37.5198	NA	NA	
8430	Lisse	NA	NA	NA	NA	NA	NA	NA	NA	NA	NA	NA	NA	NA	NA	NA	NA	NA	NA	NA	NA	NA	NA	NA	NA	NA	1.116	1.958	NA	NA	NA	NA	NA	NA	NA	NA	NA	NA	36.4879	131.937	104.117	27.1982	63.7053	NA	NA	
9057	Vinslöv	0.0	0.0	0.0	NA	NA	NA	0.0	0.0	1.0	0.0	0.0	0.0	NA	NA	NA	NA	NA	0.0	NA	NA	NA	NA	76.0	60.0	38.0	0.175	0.418	NA	NA	NA	5.0	4.0	3.0	NA	NA	NA	NA	26.8109	81.0544	66.9444	13.4604	44.7243	NA	NA	
9058	Västervik	0.0	0.0	0.0	NA	NA	NA	1.0	0.0	1.0	1.0	0.0	0.0	NA	NA	NA	NA	NA	1.0	NA	NA	NA	NA	101.0	128.0	250.0	3.971	2.331	NA	NA	NA	7.0	4.0	2.0	NA	NA	NA	NA	NA	NA	NA	NA	NA	NA	NA	
100000	Wil-1-Dean-Lab	0.0	0.0	0.0	NA	NA	NA	1.0	0.0	1.0	0.0	0.0	0.0	NA	NA	NA	NA	NA	0.0	NA	NA	NA	NA	58.0	35.0	27.0	NA	NA	NA	NA	NA	5.0	3.0	2.0	NA	NA	NA	NA	18.8497	65.9456	43.3572	23.2151	41.5888	NA	NA	
